survived,pclass,age,sibsp,parch,fare,class,who,adult_male,deck,embark_town,alive,alone,sex_male,embarked_Q,embarked_S
0,3,22.0,1,0,7.25,Third,man,True,,Southampton,no,False,True,False,True
1,3,26.0,0,0,7.925,Third,woman,False,,Southampton,yes,True,False,False,True
1,1,35.0,1,0,53.1,First,woman,False,C,Southampton,yes,False,False,False,True
0,3,35.0,0,0,8.05,Third,man,True,,Southampton,no,True,True,False,True
0,3,28.0,0,0,8.4583,Third,man,True,,Queenstown,no,True,True,True,False
0,1,54.0,0,0,51.8625,First,man,True,E,Southampton,no,True,True,False,True
0,3,2.0,3,1,21.075,Third,child,False,,Southampton,no,False,True,False,True
1,3,27.0,0,2,11.1333,Third,woman,False,,Southampton,yes,False,False,False,True
1,2,14.0,1,0,30.0708,Second,child,False,,Cherbourg,yes,False,False,False,False
1,3,4.0,1,1,16.7,Third,child,False,G,Southampton,yes,False,False,False,True
1,1,58.0,0,0,26.55,First,woman,False,C,Southampton,yes,True,False,False,True
0,3,20.0,0,0,8.05,Third,man,True,,Southampton,no,True,True,False,True
0,3,39.0,1,5,31.275,Third,man,True,,Southampton,no,False,True,False,True
0,3,14.0,0,0,7.8542,Third,child,False,,Southampton,no,True,False,False,True
1,2,55.0,0,0,16.0,Second,woman,False,,Southampton,yes,True,False,False,True
0,3,2.0,4,1,29.125,Third,child,False,,Queenstown,no,False,True,True,False
1,2,28.0,0,0,13.0,Second,man,True,,Southampton,yes,True,True,False,True
0,3,31.0,1,0,18.0,Third,woman,False,,Southampton,no,False,False,False,True
1,3,28.0,0,0,7.225,Third,woman,False,,Cherbourg,yes,True,False,False,False
0,2,35.0,0,0,26.0,Second,man,True,,Southampton,no,True,True,False,True
1,2,34.0,0,0,13.0,Second,man,True,D,Southampton,yes,True,True,False,True
1,3,15.0,0,0,8.0292,Third,child,False,,Queenstown,yes,True,False,True,False
1,1,28.0,0,0,35.5,First,man,True,A,Southampton,yes,True,True,False,True
0,3,8.0,3,1,21.075,Third,child,False,,Southampton,no,False,False,False,True
1,3,38.0,1,5,31.3875,Third,woman,False,,Southampton,yes,False,False,False,True
0,3,28.0,0,0,7.225,Third,man,True,,Cherbourg,no,True,True,False,False
1,3,28.0,0,0,7.8792,Third,woman,False,,Queenstown,yes,True,False,True,False
0,3,28.0,0,0,7.8958,Third,man,True,,Southampton,no,True,True,False,True
0,1,40.0,0,0,27.7208,First,man,True,,Cherbourg,no,True,True,False,False
1,3,28.0,0,0,7.75,Third,woman,False,,Queenstown,yes,True,False,True,False
0,2,66.0,0,0,10.5,Second,man,True,,Southampton,no,True,True,False,True
0,1,42.0,1,0,52.0,First,man,True,,Southampton,no,False,True,False,True
1,3,28.0,0,0,7.2292,Third,man,True,,Cherbourg,yes,True,True,False,False
0,3,21.0,0,0,8.05,Third,man,True,,Southampton,no,True,True,False,True
0,3,18.0,2,0,18.0,Third,woman,False,,Southampton,no,False,False,False,True
1,3,14.0,1,0,11.2417,Third,child,False,,Cherbourg,yes,False,False,False,False
0,3,40.0,1,0,9.475,Third,woman,False,,Southampton,no,False,False,False,True
0,2,27.0,1,0,21.0,Second,woman,False,,Southampton,no,False,False,False,True
0,3,28.0,0,0,7.8958,Third,man,True,,Cherbourg,no,True,True,False,False
1,2,3.0,1,2,41.5792,Second,child,False,,Cherbourg,yes,False,False,False,False
1,3,19.0,0,0,7.8792,Third,woman,False,,Queenstown,yes,True,False,True,False
0,3,28.0,0,0,8.05,Third,man,True,,Southampton,no,True,True,False,True
0,3,28.0,1,0,15.5,Third,man,True,,Queenstown,no,False,True,True,False
1,3,28.0,0,0,7.75,Third,woman,False,,Queenstown,yes,True,False,True,False
0,3,28.0,2,0,21.6792,Third,man,True,,Cherbourg,no,False,True,False,False
0,3,18.0,1,0,17.8,Third,woman,False,,Southampton,no,False,False,False,True
0,3,7.0,4,1,39.6875,Third,child,False,,Southampton,no,False,True,False,True
0,3,21.0,0,0,7.8,Third,man,True,,Southampton,no,True,True,False,True
1,2,29.0,1,0,26.0,Second,woman,False,,Southampton,yes,False,False,False,True
0,1,65.0,0,1,61.9792,First,man,True,B,Cherbourg,no,False,True,False,False
1,1,28.0,0,0,35.5,First,man,True,C,Southampton,yes,True,True,False,True
1,2,21.0,0,0,10.5,Second,woman,False,,Southampton,yes,True,False,False,True
0,3,28.5,0,0,7.2292,Third,man,True,,Cherbourg,no,True,True,False,False
1,2,5.0,1,2,27.75,Second,child,False,,Southampton,yes,False,False,False,True
0,3,11.0,5,2,46.9,Third,child,False,,Southampton,no,False,True,False,True
0,3,22.0,0,0,7.2292,Third,man,True,,Cherbourg,no,True,True,False,False
0,3,4.0,3,2,27.9,Third,child,False,,Southampton,no,False,True,False,True
0,1,28.0,0,0,27.7208,First,man,True,,Cherbourg,no,True,True,False,False
1,3,28.0,1,1,15.2458,Third,man,True,,Cherbourg,yes,False,True,False,False
1,2,29.0,0,0,10.5,Second,woman,False,F,Southampton,yes,True,False,False,True
0,3,19.0,0,0,8.1583,Third,man,True,,Southampton,no,True,True,False,True
1,3,17.0,4,2,7.925,Third,woman,False,,Southampton,yes,False,False,False,True
0,3,26.0,2,0,8.6625,Third,man,True,,Southampton,no,False,True,False,True
0,2,32.0,0,0,10.5,Second,man,True,,Southampton,no,True,True,False,True
0,3,16.0,5,2,46.9,Third,woman,False,,Southampton,no,False,False,False,True
0,3,26.0,1,0,14.4542,Third,man,True,,Cherbourg,no,False,True,False,False
1,3,32.0,0,0,56.4958,Third,man,True,,Southampton,yes,True,True,False,True
0,3,25.0,0,0,7.65,Third,man,True,F,Southampton,no,True,True,False,True
0,3,28.0,0,0,7.8958,Third,man,True,,Southampton,no,True,True,False,True
0,3,28.0,0,0,8.05,Third,man,True,,Southampton,no,True,True,False,True
1,2,0.83,0,2,29.0,Second,child,False,,Southampton,yes,False,True,False,True
1,3,30.0,0,0,12.475,Third,woman,False,,Southampton,yes,True,False,False,True
0,3,22.0,0,0,9.0,Third,man,True,,Southampton,no,True,True,False,True
1,3,29.0,0,0,9.5,Third,man,True,,Southampton,yes,True,True,False,True
1,3,28.0,0,0,7.7875,Third,woman,False,,Queenstown,yes,True,False,True,False
0,1,28.0,0,0,47.1,First,man,True,,Southampton,no,True,True,False,True
1,2,17.0,0,0,10.5,Second,woman,False,,Southampton,yes,True,False,False,True
1,3,33.0,3,0,15.85,Third,woman,False,,Southampton,yes,False,False,False,True
0,3,16.0,1,3,34.375,Third,man,True,,Southampton,no,False,True,False,True
0,3,28.0,0,0,8.05,Third,man,True,,Southampton,no,True,True,False,True
0,3,24.0,0,0,8.05,Third,man,True,,Southampton,no,True,True,False,True
0,3,29.0,0,0,8.05,Third,man,True,,Southampton,no,True,True,False,True
0,3,20.0,0,0,7.8542,Third,man,True,,Southampton,no,True,True,False,True
0,1,46.0,1,0,61.175,First,man,True,E,Southampton,no,False,True,False,True
0,3,26.0,1,2,20.575,Third,man,True,,Southampton,no,False,True,False,True
0,3,59.0,0,0,7.25,Third,man,True,,Southampton,no,True,True,False,True
0,3,28.0,0,0,8.05,Third,man,True,,Southampton,no,True,True,False,True
0,1,71.0,0,0,34.6542,First,man,True,A,Cherbourg,no,True,True,False,False
1,1,23.0,0,1,63.3583,First,man,True,D,Cherbourg,yes,False,True,False,False
1,2,34.0,0,1,23.0,Second,woman,False,,Southampton,yes,False,False,False,True
0,2,34.0,1,0,26.0,Second,man,True,,Southampton,no,False,True,False,True
0,3,28.0,0,0,7.8958,Third,woman,False,,Southampton,no,True,False,False,True
0,3,28.0,0,0,7.8958,Third,man,True,,Southampton,no,True,True,False,True
0,3,33.0,0,0,8.6542,Third,man,True,,Southampton,no,True,True,False,True
0,3,37.0,2,0,7.925,Third,man,True,,Southampton,no,False,True,False,True
0,3,28.0,0,0,7.8958,Third,man,True,,Southampton,no,True,True,False,True
1,3,21.0,0,0,7.65,Third,woman,False,,Southampton,yes,True,False,False,True
1,3,28.0,0,0,7.775,Third,man,True,,Southampton,yes,True,True,False,True
0,3,38.0,0,0,7.8958,Third,man,True,,Southampton,no,True,True,False,True
1,3,28.0,1,0,24.15,Third,woman,False,,Queenstown,yes,False,False,True,False
0,1,47.0,0,0,52.0,First,man,True,C,Southampton,no,True,True,False,True
0,3,14.5,1,0,14.4542,Third,child,False,,Cherbourg,no,False,False,False,False
0,3,22.0,0,0,8.05,Third,man,True,,Southampton,no,True,True,False,True
0,3,20.0,1,0,9.825,Third,woman,False,,Southampton,no,False,False,False,True
0,3,17.0,0,0,14.4583,Third,woman,False,,Cherbourg,no,True,False,False,False
0,3,21.0,0,0,7.925,Third,man,True,,Southampton,no,True,True,False,True
0,3,70.5,0,0,7.75,Third,man,True,,Queenstown,no,True,True,True,False
0,2,29.0,1,0,21.0,Second,man,True,,Southampton,no,False,True,False,True
0,3,2.0,4,2,31.275,Third,child,False,,Southampton,no,False,False,False,True
0,3,28.0,0,0,8.05,Third,man,True,,Southampton,no,True,True,False,True
0,2,32.5,1,0,30.0708,Second,man,True,,Cherbourg,no,False,True,False,False
1,2,32.5,0,0,13.0,Second,woman,False,E,Southampton,yes,True,False,False,True
1,3,12.0,1,0,11.2417,Third,child,False,,Cherbourg,yes,False,True,False,False
0,3,28.0,0,0,7.75,Third,man,True,,Queenstown,no,True,True,True,False
1,3,24.0,0,0,7.1417,Third,man,True,,Southampton,yes,True,True,False,True
1,3,28.0,1,1,22.3583,Third,woman,False,F,Cherbourg,yes,False,False,False,False
0,3,45.0,0,0,6.975,Third,man,True,,Southampton,no,True,True,False,True
0,3,33.0,0,0,7.8958,Third,man,True,,Cherbourg,no,True,True,False,False
0,3,20.0,0,0,7.05,Third,man,True,,Southampton,no,True,True,False,True
0,3,47.0,1,0,14.5,Third,woman,False,,Southampton,no,False,False,False,True
1,2,29.0,1,0,26.0,Second,woman,False,,Southampton,yes,False,False,False,True
0,2,25.0,0,0,13.0,Second,man,True,,Southampton,no,True,True,False,True
0,2,23.0,0,0,15.0458,Second,man,True,,Cherbourg,no,True,True,False,False
1,1,19.0,0,2,26.2833,First,woman,False,D,Southampton,yes,False,False,False,True
0,1,37.0,1,0,53.1,First,man,True,C,Southampton,no,False,True,False,True
0,3,16.0,0,0,9.2167,Third,man,True,,Southampton,no,True,True,False,True
0,3,28.0,0,2,15.2458,Third,woman,False,,Cherbourg,no,False,False,False,False
1,3,22.0,0,0,7.75,Third,woman,False,,Southampton,yes,True,False,False,True
1,3,24.0,1,0,15.85,Third,woman,False,,Southampton,yes,False,False,False,True
0,3,19.0,0,0,6.75,Third,man,True,,Queenstown,no,True,True,True,False
0,2,18.0,0,0,11.5,Second,man,True,,Southampton,no,True,True,False,True
0,2,19.0,1,1,36.75,Second,man,True,,Southampton,no,False,True,False,True
1,3,27.0,0,0,7.7958,Third,man,True,,Southampton,yes,True,True,False,True
0,3,9.0,2,2,34.375,Third,child,False,,Southampton,no,False,False,False,True
0,2,36.5,0,2,26.0,Second,man,True,F,Southampton,no,False,True,False,True
0,2,42.0,0,0,13.0,Second,man,True,,Southampton,no,True,True,False,True
0,2,51.0,0,0,12.525,Second,man,True,,Southampton,no,True,True,False,True
0,3,55.5,0,0,8.05,Third,man,True,,Southampton,no,True,True,False,True
0,3,40.5,0,2,14.5,Third,man,True,,Southampton,no,False,True,False,True
0,3,28.0,0,0,7.3125,Third,man,True,,Southampton,no,True,True,False,True
0,1,51.0,0,1,61.3792,First,man,True,,Cherbourg,no,False,True,False,False
1,3,16.0,0,0,7.7333,Third,woman,False,,Queenstown,yes,True,False,True,False
0,3,30.0,0,0,8.05,Third,man,True,,Southampton,no,True,True,False,True
0,3,28.0,0,0,8.6625,Third,man,True,,Southampton,no,True,True,False,True
0,3,44.0,0,1,16.1,Third,man,True,,Southampton,no,False,True,False,True
1,2,40.0,0,0,15.75,Second,woman,False,,Southampton,yes,True,False,False,True
0,3,26.0,0,0,7.775,Third,man,True,,Southampton,no,True,True,False,True
0,3,17.0,0,0,8.6625,Third,man,True,,Southampton,no,True,True,False,True
0,3,1.0,4,1,39.6875,Third,child,False,,Southampton,no,False,True,False,True
1,3,9.0,0,2,20.525,Third,child,False,,Southampton,yes,False,True,False,True
1,1,28.0,0,1,55.0,First,woman,False,E,Southampton,yes,False,False,False,True
0,3,45.0,1,4,27.9,Third,woman,False,,Southampton,no,False,False,False,True
0,1,28.0,0,0,25.925,First,man,True,,Southampton,no,True,True,False,True
0,3,28.0,0,0,56.4958,Third,man,True,,Southampton,no,True,True,False,True
0,1,61.0,0,0,33.5,First,man,True,B,Southampton,no,True,True,False,True
0,3,4.0,4,1,29.125,Third,child,False,,Queenstown,no,False,True,True,False
1,3,1.0,1,1,11.1333,Third,child,False,,Southampton,yes,False,False,False,True
0,3,21.0,0,0,7.925,Third,man,True,,Southampton,no,True,True,False,True
0,1,56.0,0,0,30.6958,First,man,True,A,Cherbourg,no,True,True,False,False
0,3,18.0,1,1,7.8542,Third,man,True,,Southampton,no,False,True,False,True
0,3,28.0,3,1,25.4667,Third,man,True,,Southampton,no,False,True,False,True
0,1,50.0,0,0,28.7125,First,woman,False,C,Cherbourg,no,True,False,False,False
0,2,30.0,0,0,13.0,Second,man,True,,Southampton,no,True,True,False,True
0,3,36.0,0,0,0.0,Third,man,True,,Southampton,no,True,True,False,True
0,2,28.0,0,0,15.05,Second,man,True,,Cherbourg,no,True,True,False,False
0,3,9.0,4,2,31.3875,Third,child,False,,Southampton,no,False,True,False,True
1,2,1.0,2,1,39.0,Second,child,False,F,Southampton,yes,False,True,False,True
1,3,4.0,0,2,22.025,Third,child,False,,Southampton,yes,False,False,False,True
0,1,28.0,0,0,50.0,First,man,True,A,Southampton,no,True,True,False,True
1,3,28.0,1,0,15.5,Third,woman,False,,Queenstown,yes,False,False,True,False
1,1,45.0,0,0,26.55,First,man,True,,Southampton,yes,True,True,False,True
0,3,40.0,1,1,15.5,Third,man,True,,Queenstown,no,False,True,True,False
0,3,36.0,0,0,7.8958,Third,man,True,,Southampton,no,True,True,False,True
1,2,32.0,0,0,13.0,Second,woman,False,,Southampton,yes,True,False,False,True
0,2,19.0,0,0,13.0,Second,man,True,,Southampton,no,True,True,False,True
1,3,19.0,1,0,7.8542,Third,woman,False,,Southampton,yes,False,False,False,True
1,2,3.0,1,1,26.0,Second,child,False,F,Southampton,yes,False,True,False,True
1,1,44.0,0,0,27.7208,First,woman,False,B,Cherbourg,yes,True,False,False,False
0,3,28.0,0,0,7.75,Third,man,True,,Queenstown,no,True,True,True,False
0,3,42.0,0,1,8.4042,Third,man,True,,Southampton,no,False,True,False,True
1,3,28.0,0,0,7.75,Third,woman,False,,Queenstown,yes,True,False,True,False
0,2,24.0,0,0,13.0,Second,woman,False,,Southampton,no,True,False,False,True
0,3,28.0,0,0,9.5,Third,man,True,,Southampton,no,True,True,False,True
0,3,34.0,0,0,6.4958,Third,man,True,,Southampton,no,True,True,False,True
0,3,45.5,0,0,7.225,Third,man,True,,Cherbourg,no,True,True,False,False
1,3,18.0,0,0,8.05,Third,man,True,,Southampton,yes,True,True,False,True
0,3,2.0,0,1,10.4625,Third,child,False,G,Southampton,no,False,False,False,True
0,3,32.0,1,0,15.85,Third,man,True,,Southampton,no,False,True,False,True
1,3,26.0,0,0,18.7875,Third,man,True,,Cherbourg,yes,True,True,False,False
1,3,16.0,0,0,7.75,Third,woman,False,,Queenstown,yes,True,False,True,False
1,1,40.0,0,0,31.0,First,man,True,A,Cherbourg,yes,True,True,False,False
0,3,24.0,0,0,7.05,Third,man,True,,Southampton,no,True,True,False,True
1,2,35.0,0,0,21.0,Second,woman,False,,Southampton,yes,True,False,False,True
0,3,22.0,0,0,7.25,Third,man,True,,Southampton,no,True,True,False,True
0,2,30.0,0,0,13.0,Second,man,True,,Southampton,no,True,True,False,True
0,3,28.0,1,0,7.75,Third,man,True,,Queenstown,no,False,True,True,False
1,3,27.0,0,0,7.925,Third,woman,False,,Southampton,yes,True,False,False,True
0,2,42.0,1,0,27.0,Second,man,True,,Southampton,no,False,True,False,True
0,2,30.0,0,0,10.5,Second,man,True,,Southampton,no,True,True,False,True
1,3,16.0,0,0,8.05,Third,man,True,,Southampton,yes,True,True,False,True
0,2,27.0,0,0,13.0,Second,man,True,,Southampton,no,True,True,False,True
0,3,51.0,0,0,8.05,Third,man,True,,Southampton,no,True,True,False,True
0,3,28.0,0,0,7.8958,Third,man,True,,Southampton,no,True,True,False,True
0,3,22.0,0,0,9.35,Third,man,True,,Southampton,no,True,True,False,True
1,2,19.0,0,0,10.5,Second,man,True,,Southampton,yes,True,True,False,True
0,3,20.5,0,0,7.25,Third,man,True,,Southampton,no,True,True,False,True
0,2,18.0,0,0,13.0,Second,man,True,,Southampton,no,True,True,False,True
0,3,28.0,3,1,25.4667,Third,woman,False,,Southampton,no,False,False,False,True
0,3,29.0,0,0,7.775,Third,man,True,,Southampton,no,True,True,False,True
0,2,59.0,0,0,13.5,Second,man,True,,Southampton,no,True,True,False,True
1,3,5.0,4,2,31.3875,Third,child,False,,Southampton,yes,False,False,False,True
0,2,24.0,0,0,10.5,Second,man,True,,Southampton,no,True,True,False,True
0,3,28.0,0,0,7.55,Third,woman,False,,Southampton,no,True,False,False,True
0,2,44.0,1,0,26.0,Second,man,True,,Southampton,no,False,True,False,True
1,2,8.0,0,2,26.25,Second,child,False,,Southampton,yes,False,False,False,True
0,2,19.0,0,0,10.5,Second,man,True,,Southampton,no,True,True,False,True
0,2,33.0,0,0,12.275,Second,man,True,,Southampton,no,True,True,False,True
0,3,28.0,1,0,14.4542,Third,woman,False,,Cherbourg,no,False,False,False,False
1,3,28.0,1,0,15.5,Third,woman,False,,Queenstown,yes,False,False,True,False
0,2,29.0,0,0,10.5,Second,man,True,,Southampton,no,True,True,False,True
0,3,22.0,0,0,7.125,Third,man,True,,Southampton,no,True,True,False,True
0,3,30.0,0,0,7.225,Third,man,True,,Cherbourg,no,True,True,False,False
0,3,25.0,0,0,7.775,Third,woman,False,,Southampton,no,True,False,False,True
1,2,24.0,0,2,14.5,Second,woman,False,,Southampton,yes,False,False,False,True
1,1,37.0,1,1,52.5542,First,man,True,D,Southampton,yes,False,True,False,True
0,2,54.0,1,0,26.0,Second,man,True,,Southampton,no,False,True,False,True
0,3,28.0,0,0,7.25,Third,man,True,,Southampton,no,True,True,False,True
0,3,29.0,1,1,10.4625,Third,woman,False,G,Southampton,no,False,False,False,True
0,1,62.0,0,0,26.55,First,man,True,C,Southampton,no,True,True,False,True
0,3,30.0,1,0,16.1,Third,man,True,,Southampton,no,False,True,False,True
0,3,41.0,0,2,20.2125,Third,woman,False,,Southampton,no,False,False,False,True
1,3,29.0,0,2,15.2458,Third,woman,False,,Cherbourg,yes,False,False,False,False
1,2,50.0,0,1,26.0,Second,woman,False,,Southampton,yes,False,False,False,True
0,3,28.0,0,0,7.75,Third,man,True,,Queenstown,no,True,True,True,False
1,3,3.0,4,2,31.3875,Third,child,False,,Southampton,yes,False,True,False,True
0,1,40.0,0,0,0.0,First,man,True,B,Southampton,no,True,True,False,True
0,3,28.0,0,0,7.75,Third,woman,False,,Queenstown,no,True,False,True,False
0,2,36.0,0,0,10.5,Second,man,True,,Southampton,no,True,True,False,True
0,3,16.0,4,1,39.6875,Third,man,True,,Southampton,no,False,True,False,True
1,3,25.0,1,0,7.775,Third,man,True,,Southampton,yes,False,True,False,True
0,1,28.0,0,0,31.0,First,man,True,,Southampton,no,True,True,False,True
1,3,25.0,0,0,0.0,Third,man,True,,Southampton,yes,True,True,False,True
1,2,41.0,0,1,19.5,Second,woman,False,,Southampton,yes,False,False,False,True
0,1,37.0,0,1,29.7,First,man,True,C,Cherbourg,no,False,True,False,False
1,3,28.0,0,0,7.75,Third,woman,False,,Queenstown,yes,True,False,True,False
0,3,45.0,0,0,7.75,Third,woman,False,,Southampton,no,True,False,False,True
0,2,28.0,0,0,0.0,Second,man,True,,Southampton,no,True,True,False,True
0,3,7.0,4,1,29.125,Third,child,False,,Queenstown,no,False,True,True,False
1,3,35.0,1,1,20.25,Third,woman,False,,Southampton,yes,False,False,False,True
0,3,65.0,0,0,7.75,Third,man,True,,Queenstown,no,True,True,True,False
0,3,28.0,0,0,7.8542,Third,man,True,,Southampton,no,True,True,False,True
0,3,16.0,0,0,9.5,Third,man,True,,Southampton,no,True,True,False,True
1,3,19.0,0,0,8.05,Third,man,True,,Southampton,yes,True,True,False,True
0,1,28.0,0,0,26.0,First,man,True,A,Southampton,no,True,True,False,True
0,3,33.0,0,0,8.6625,Third,man,True,,Cherbourg,no,True,True,False,False
1,3,30.0,0,0,9.5,Third,man,True,,Southampton,yes,True,True,False,True
0,3,22.0,0,0,7.8958,Third,man,True,,Southampton,no,True,True,False,True
1,2,42.0,0,0,13.0,Second,man,True,,Southampton,yes,True,True,False,True
1,3,22.0,0,0,7.75,Third,woman,False,,Queenstown,yes,True,False,True,False
0,2,36.0,0,0,12.875,Second,man,True,D,Cherbourg,no,True,True,False,False
0,3,24.0,0,0,8.85,Third,woman,False,,Southampton,no,True,False,False,True
0,3,24.0,0,0,7.8958,Third,man,True,,Southampton,no,True,True,False,True
0,1,28.0,0,0,27.7208,First,man,True,,Cherbourg,no,True,True,False,False
0,3,23.5,0,0,7.2292,Third,man,True,,Cherbourg,no,True,True,False,False
1,1,28.0,0,0,30.5,First,man,True,C,Southampton,yes,True,True,False,True
1,3,28.0,0,0,7.75,Third,woman,False,,Queenstown,yes,True,False,True,False
1,3,28.0,2,0,23.25,Third,man,True,,Queenstown,yes,False,True,True,False
0,3,19.0,0,0,0.0,Third,man,True,,Southampton,no,True,True,False,True
1,2,28.0,0,0,12.35,Second,woman,False,E,Queenstown,yes,True,False,True,False
0,3,28.0,0,0,8.05,Third,man,True,,Southampton,no,True,True,False,True
0,2,30.0,1,0,24.0,Second,man,True,,Cherbourg,no,False,True,False,False
1,1,30.0,0,0,56.9292,First,woman,False,E,Cherbourg,yes,True,False,False,False
0,2,26.0,1,1,26.0,Second,woman,False,,Southampton,no,False,False,False,True
0,3,28.0,0,0,7.8958,Third,man,True,,Southampton,no,True,True,False,True
0,2,43.0,1,1,26.25,Second,man,True,,Southampton,no,False,True,False,True
1,3,26.0,0,0,7.8542,Third,woman,False,,Southampton,yes,True,False,False,True
1,2,24.0,1,0,26.0,Second,woman,False,,Southampton,yes,False,False,False,True
0,2,54.0,0,0,14.0,Second,man,True,,Southampton,no,True,True,False,True
0,3,22.0,0,0,7.25,Third,man,True,,Southampton,no,True,True,False,True
0,3,27.0,0,0,7.8958,Third,man,True,,Southampton,no,True,True,False,True
1,2,30.0,0,0,12.35,Second,woman,False,,Queenstown,yes,True,False,True,False
1,2,22.0,1,1,29.0,Second,woman,False,,Southampton,yes,False,False,False,True
0,3,61.0,0,0,6.2375,Third,man,True,,Southampton,no,True,True,False,True
1,2,36.0,0,0,13.0,Second,woman,False,D,Southampton,yes,True,False,False,True
1,3,31.0,1,1,20.525,Third,woman,False,,Southampton,yes,False,False,False,True
1,1,16.0,0,1,57.9792,First,woman,False,B,Cherbourg,yes,False,False,False,False
1,3,28.0,2,0,23.25,Third,woman,False,,Queenstown,yes,False,False,True,False
0,1,45.5,0,0,28.5,First,man,True,C,Southampton,no,True,True,False,True
0,3,16.0,2,0,18.0,Third,man,True,,Southampton,no,False,True,False,True
0,3,28.0,0,0,7.8958,Third,man,True,,Southampton,no,True,True,False,True
1,3,45.0,0,0,8.05,Third,man,True,,Southampton,yes,True,True,False,True
0,1,45.0,0,0,35.5,First,man,True,,Southampton,no,True,True,False,True
1,2,2.0,1,1,26.0,Second,child,False,F,Southampton,yes,False,True,False,True
0,2,28.0,0,0,13.0,Second,man,True,,Southampton,no,True,True,False,True
0,2,25.0,0,0,13.0,Second,man,True,,Southampton,no,True,True,False,True
0,2,36.0,0,0,13.0,Second,man,True,,Southampton,no,True,True,False,True
1,2,24.0,0,0,13.0,Second,woman,False,F,Southampton,yes,True,False,False,True
1,2,40.0,0,0,13.0,Second,woman,False,,Southampton,yes,True,False,False,True
1,3,28.0,1,0,16.1,Third,woman,False,,Southampton,yes,False,False,False,True
1,3,3.0,1,1,15.9,Third,child,False,,Southampton,yes,False,True,False,True
0,3,42.0,0,0,8.6625,Third,man,True,,Southampton,no,True,True,False,True
0,3,23.0,0,0,9.225,Third,man,True,,Southampton,no,True,True,False,True
0,1,28.0,0,0,35.0,First,man,True,C,Southampton,no,True,True,False,True
0,3,15.0,1,1,7.2292,Third,child,False,,Cherbourg,no,False,True,False,False
0,3,25.0,1,0,17.8,Third,man,True,,Southampton,no,False,True,False,True
0,3,28.0,0,0,7.225,Third,man,True,,Cherbourg,no,True,True,False,False
0,3,28.0,0,0,9.5,Third,man,True,,Southampton,no,True,True,False,True
1,1,22.0,0,1,55.0,First,woman,False,E,Southampton,yes,False,False,False,True
0,2,38.0,0,0,13.0,Second,woman,False,,Southampton,no,True,False,False,True
1,3,28.0,0,0,7.8792,Third,woman,False,,Queenstown,yes,True,False,True,False
1,3,28.0,0,0,7.8792,Third,woman,False,,Queenstown,yes,True,False,True,False
0,3,40.0,1,4,27.9,Third,man,True,,Southampton,no,False,True,False,True
0,2,29.0,1,0,27.7208,Second,man,True,,Cherbourg,no,False,True,False,False
0,3,45.0,0,1,14.4542,Third,woman,False,,Cherbourg,no,False,False,False,False
0,3,35.0,0,0,7.05,Third,man,True,,Southampton,no,True,True,False,True
0,3,28.0,1,0,15.5,Third,man,True,,Queenstown,no,False,True,True,False
0,3,30.0,0,0,7.25,Third,man,True,,Southampton,no,True,True,False,True
1,3,28.0,0,0,7.2292,Third,woman,False,,Cherbourg,yes,True,False,False,False
1,3,28.0,0,0,7.75,Third,woman,False,,Queenstown,yes,True,False,True,False
1,1,25.0,1,0,55.4417,First,man,True,E,Cherbourg,yes,False,True,False,False
0,3,18.0,1,0,6.4958,Third,man,True,,Southampton,no,False,True,False,True
0,3,19.0,0,0,8.05,Third,man,True,,Southampton,no,True,True,False,True
0,3,3.0,3,1,21.075,Third,child,False,,Southampton,no,False,False,False,True
1,3,22.0,0,0,7.25,Third,woman,False,,Southampton,yes,True,False,False,True
0,3,20.0,0,0,4.0125,Third,man,True,,Cherbourg,no,True,True,False,False
0,3,19.0,0,0,7.775,Third,man,True,,Southampton,no,True,True,False,True
1,3,1.0,0,2,15.7417,Third,child,False,,Cherbourg,yes,False,False,False,False
0,3,32.0,0,0,7.925,Third,man,True,,Southampton,no,True,True,False,True
1,1,35.0,1,0,52.0,First,woman,False,,Southampton,yes,False,False,False,True
0,3,28.0,0,0,7.8958,Third,man,True,,Southampton,no,True,True,False,True
0,3,1.0,5,2,46.9,Third,child,False,,Southampton,no,False,True,False,True
1,2,36.0,0,0,13.0,Second,woman,False,,Southampton,yes,True,False,False,True
0,3,28.0,0,0,7.7292,Third,man,True,,Queenstown,no,True,True,True,False
1,2,17.0,0,0,12.0,Second,woman,False,,Cherbourg,yes,True,False,False,False
1,3,21.0,0,0,7.7958,Third,man,True,,Southampton,yes,True,True,False,True
0,3,28.0,2,0,7.925,Third,man,True,,Southampton,no,False,True,False,True
1,3,24.0,0,2,16.7,Third,woman,False,G,Southampton,yes,False,False,False,True
0,3,22.0,0,0,7.7958,Third,man,True,,Southampton,no,True,True,False,True
0,3,31.0,0,0,7.8542,Third,woman,False,,Southampton,no,True,False,False,True
0,2,46.0,0,0,26.0,Second,man,True,,Southampton,no,True,True,False,True
0,2,23.0,0,0,10.5,Second,man,True,,Southampton,no,True,True,False,True
1,2,28.0,0,0,12.65,Second,woman,False,,Southampton,yes,True,False,False,True
1,3,39.0,0,0,7.925,Third,man,True,,Southampton,yes,True,True,False,True
0,3,26.0,0,0,8.05,Third,man,True,,Southampton,no,True,True,False,True
0,3,21.0,1,0,9.825,Third,woman,False,,Southampton,no,False,False,False,True
0,3,28.0,1,0,15.85,Third,man,True,,Southampton,no,False,True,False,True
0,3,20.0,0,0,8.6625,Third,woman,False,,Southampton,no,True,False,False,True
0,2,34.0,1,0,21.0,Second,man,True,,Southampton,no,False,True,False,True
0,3,51.0,0,0,7.75,Third,man,True,,Southampton,no,True,True,False,True
1,2,3.0,1,1,18.75,Second,child,False,,Southampton,yes,False,True,False,True
0,3,21.0,0,0,7.775,Third,man,True,,Southampton,no,True,True,False,True
0,3,28.0,3,1,25.4667,Third,woman,False,,Southampton,no,False,False,False,True
0,3,28.0,0,0,7.8958,Third,man,True,,Southampton,no,True,True,False,True
0,3,28.0,0,0,6.8583,Third,man,True,,Queenstown,no,True,True,True,False
0,2,28.0,0,0,0.0,Second,man,True,,Southampton,no,True,True,False,True
1,3,44.0,0,0,7.925,Third,man,True,,Southampton,yes,True,True,False,True
0,3,28.0,0,0,8.05,Third,woman,False,,Southampton,no,True,False,False,True
1,2,34.0,1,1,32.5,Second,woman,False,,Southampton,yes,False,False,False,True
1,2,18.0,0,2,13.0,Second,woman,False,,Southampton,yes,False,False,False,True
0,2,30.0,0,0,13.0,Second,man,True,,Southampton,no,True,True,False,True
0,3,10.0,0,2,24.15,Third,child,False,,Southampton,no,False,False,False,True
0,3,28.0,0,0,7.8958,Third,man,True,,Cherbourg,no,True,True,False,False
0,3,21.0,0,0,7.7333,Third,man,True,,Queenstown,no,True,True,True,False
0,3,29.0,0,0,7.875,Third,man,True,,Southampton,no,True,True,False,True
0,3,28.0,1,1,14.4,Third,woman,False,,Southampton,no,False,False,False,True
0,3,18.0,1,1,20.2125,Third,man,True,,Southampton,no,False,True,False,True
0,3,28.0,0,0,7.25,Third,man,True,,Southampton,no,True,True,False,True
1,2,28.0,1,0,26.0,Second,woman,False,,Southampton,yes,False,False,False,True
1,2,19.0,0,0,26.0,Second,woman,False,,Southampton,yes,True,False,False,True
0,3,28.0,0,0,7.75,Third,man,True,,Queenstown,no,True,True,True,False
1,3,32.0,0,0,8.05,Third,man,True,E,Southampton,yes,True,True,False,True
1,1,28.0,0,0,26.55,First,man,True,C,Southampton,yes,True,True,False,True
1,3,28.0,1,0,16.1,Third,woman,False,,Southampton,yes,False,False,False,True
1,2,42.0,1,0,26.0,Second,woman,False,,Southampton,yes,False,False,False,True
0,3,17.0,0,0,7.125,Third,man,True,,Southampton,no,True,True,False,True
0,1,50.0,1,0,55.9,First,man,True,E,Southampton,no,False,True,False,True
0,3,21.0,2,2,34.375,Third,woman,False,,Southampton,no,False,False,False,True
1,2,24.0,2,3,18.75,Second,woman,False,,Southampton,yes,False,False,False,True
0,2,31.0,0,0,10.5,Second,man,True,,Southampton,no,True,True,False,True
1,2,45.0,1,1,26.25,Second,woman,False,,Southampton,yes,False,False,False,True
0,3,20.0,0,0,9.5,Third,man,True,,Southampton,no,True,True,False,True
0,3,25.0,1,0,7.775,Third,man,True,,Southampton,no,False,True,False,True
1,2,28.0,0,0,13.0,Second,woman,False,,Southampton,yes,True,False,False,True
1,3,28.0,0,0,8.1125,Third,man,True,,Southampton,yes,True,True,False,True
1,2,13.0,0,1,19.5,Second,child,False,,Southampton,yes,False,False,False,True
1,1,34.0,0,0,26.55,First,man,True,,Southampton,yes,True,True,False,True
1,3,5.0,2,1,19.2583,Third,child,False,,Cherbourg,yes,False,False,False,False
1,1,52.0,0,0,30.5,First,man,True,C,Southampton,yes,True,True,False,True
0,2,36.0,1,2,27.75,Second,man,True,,Southampton,no,False,True,False,True
0,3,28.0,1,0,19.9667,Third,man,True,,Southampton,no,False,True,False,True
0,1,30.0,0,0,27.75,First,man,True,C,Cherbourg,no,True,True,False,False
0,3,28.0,0,0,8.05,Third,man,True,,Southampton,no,True,True,False,True
1,3,29.0,0,0,7.8958,Third,man,True,,Cherbourg,yes,True,True,False,False
0,1,65.0,0,0,26.55,First,man,True,E,Southampton,no,True,True,False,True
1,1,28.0,1,0,51.8625,First,woman,False,D,Southampton,yes,False,False,False,True
1,2,50.0,0,0,10.5,Second,woman,False,,Southampton,yes,True,False,False,True
0,3,28.0,0,0,7.75,Third,man,True,,Queenstown,no,True,True,True,False
1,1,48.0,0,0,26.55,First,man,True,E,Southampton,yes,True,True,False,True
0,3,34.0,0,0,8.05,Third,man,True,,Southampton,no,True,True,False,True
0,1,47.0,0,0,38.5,First,man,True,E,Southampton,no,True,True,False,True
0,2,48.0,0,0,13.0,Second,man,True,,Southampton,no,True,True,False,True
0,3,28.0,0,0,8.05,Third,man,True,,Southampton,no,True,True,False,True
0,3,38.0,0,0,7.05,Third,man,True,,Southampton,no,True,True,False,True
0,2,28.0,0,0,0.0,Second,man,True,,Southampton,no,True,True,False,True
0,1,56.0,0,0,26.55,First,man,True,,Southampton,no,True,True,False,True
0,3,28.0,0,0,7.725,Third,man,True,,Queenstown,no,True,True,True,False
1,3,0.75,2,1,19.2583,Third,child,False,,Cherbourg,yes,False,False,False,False
0,3,28.0,0,0,7.25,Third,man,True,,Southampton,no,True,True,False,True
0,3,38.0,0,0,8.6625,Third,man,True,,Southampton,no,True,True,False,True
1,2,33.0,1,2,27.75,Second,woman,False,,Southampton,yes,False,False,False,True
1,2,23.0,0,0,13.7917,Second,woman,False,D,Cherbourg,yes,True,False,False,False
0,3,22.0,0,0,9.8375,Third,woman,False,,Southampton,no,True,False,False,True
0,1,28.0,0,0,52.0,First,man,True,A,Southampton,no,True,True,False,True
0,2,34.0,1,0,21.0,Second,man,True,,Southampton,no,False,True,False,True
0,3,29.0,1,0,7.0458,Third,man,True,,Southampton,no,False,True,False,True
0,3,22.0,0,0,7.5208,Third,man,True,,Southampton,no,True,True,False,True
1,3,2.0,0,1,12.2875,Third,child,False,,Southampton,yes,False,False,False,True
0,3,9.0,5,2,46.9,Third,child,False,,Southampton,no,False,True,False,True
0,2,28.0,0,0,0.0,Second,man,True,,Southampton,no,True,True,False,True
0,3,50.0,0,0,8.05,Third,man,True,,Southampton,no,True,True,False,True
1,3,63.0,0,0,9.5875,Third,woman,False,,Southampton,yes,True,False,False,True
0,3,28.0,3,1,25.4667,Third,woman,False,,Southampton,no,False,False,False,True
0,1,58.0,0,0,29.7,First,man,True,B,Cherbourg,no,True,True,False,False
0,3,30.0,0,0,8.05,Third,man,True,,Southampton,no,True,True,False,True
1,3,9.0,1,1,15.9,Third,child,False,,Southampton,yes,False,True,False,True
0,3,28.0,1,0,19.9667,Third,man,True,,Southampton,no,False,True,False,True
0,3,21.0,0,0,7.25,Third,man,True,,Southampton,no,True,True,False,True
0,1,55.0,0,0,30.5,First,man,True,C,Southampton,no,True,True,False,True
0,1,71.0,0,0,49.5042,First,man,True,,Cherbourg,no,True,True,False,False
0,3,21.0,0,0,8.05,Third,man,True,,Southampton,no,True,True,False,True
0,3,28.0,0,0,14.4583,Third,man,True,,Cherbourg,no,True,True,False,False
0,3,28.0,0,0,15.1,Third,man,True,,Southampton,no,True,True,False,True
0,3,24.0,0,0,7.7958,Third,man,True,,Southampton,no,True,True,False,True
0,3,17.0,0,0,8.6625,Third,man,True,,Southampton,no,True,True,False,True
0,3,21.0,0,0,7.75,Third,woman,False,,Queenstown,no,True,False,True,False
0,3,28.0,0,0,7.6292,Third,woman,False,,Queenstown,no,True,False,True,False
0,3,37.0,0,0,9.5875,Third,woman,False,,Southampton,no,True,False,False,True
1,2,33.0,0,2,26.0,Second,woman,False,,Southampton,yes,False,False,False,True
1,1,28.0,0,0,26.55,First,man,True,,Southampton,yes,True,True,False,True
0,3,28.0,0,0,22.525,Third,man,True,,Southampton,no,True,True,False,True
1,3,26.0,0,0,56.4958,Third,man,True,,Southampton,yes,True,True,False,True
1,3,29.0,0,0,7.75,Third,man,True,,Queenstown,yes,True,True,True,False
0,3,28.0,0,0,8.05,Third,man,True,,Southampton,no,True,True,False,True
1,1,36.0,0,0,26.2875,First,man,True,E,Southampton,yes,True,True,False,True
1,1,54.0,1,0,59.4,First,woman,False,,Cherbourg,yes,False,False,False,False
0,3,24.0,0,0,7.4958,Third,man,True,,Southampton,no,True,True,False,True
0,1,47.0,0,0,34.0208,First,man,True,D,Southampton,no,True,True,False,True
1,2,34.0,0,0,10.5,Second,woman,False,F,Southampton,yes,True,False,False,True
0,3,28.0,0,0,24.15,Third,man,True,,Queenstown,no,True,True,True,False
1,2,36.0,1,0,26.0,Second,woman,False,,Southampton,yes,False,False,False,True
0,3,32.0,0,0,7.8958,Third,man,True,,Southampton,no,True,True,False,True
0,3,22.0,0,0,7.8958,Third,man,True,,Southampton,no,True,True,False,True
0,3,28.0,0,0,7.225,Third,man,True,,Cherbourg,no,True,True,False,False
1,1,44.0,0,1,57.9792,First,woman,False,B,Cherbourg,yes,False,False,False,False
0,3,28.0,0,0,7.2292,Third,man,True,,Cherbourg,no,True,True,False,False
0,3,40.5,0,0,7.75,Third,man,True,,Queenstown,no,True,True,True,False
1,2,50.0,0,0,10.5,Second,woman,False,,Southampton,yes,True,False,False,True
0,3,39.0,0,0,7.925,Third,man,True,,Southampton,no,True,True,False,True
0,2,23.0,2,1,11.5,Second,man,True,,Southampton,no,False,True,False,True
1,2,2.0,1,1,26.0,Second,child,False,,Southampton,yes,False,False,False,True
0,3,28.0,0,0,7.2292,Third,man,True,,Cherbourg,no,True,True,False,False
0,3,17.0,1,1,7.2292,Third,man,True,,Cherbourg,no,False,True,False,False
1,3,28.0,0,2,22.3583,Third,woman,False,,Cherbourg,yes,False,False,False,False
0,3,30.0,0,0,8.6625,Third,woman,False,,Southampton,no,True,False,False,True
1,2,7.0,0,2,26.25,Second,child,False,,Southampton,yes,False,False,False,True
0,1,45.0,0,0,26.55,First,man,True,B,Southampton,no,True,True,False,True
0,3,28.0,0,0,14.5,Third,man,True,,Southampton,no,True,True,False,True
1,1,22.0,0,2,49.5,First,woman,False,B,Cherbourg,yes,False,False,False,False
0,3,9.0,4,2,31.275,Third,child,False,,Southampton,no,False,False,False,True
0,3,11.0,4,2,31.275,Third,child,False,,Southampton,no,False,False,False,True
1,2,32.0,1,0,26.0,Second,man,True,,Southampton,yes,False,True,False,True
0,1,64.0,0,0,26.0,First,man,True,,Southampton,no,True,True,False,True
1,2,19.0,1,0,26.0,Second,woman,False,,Southampton,yes,False,False,False,True
1,2,28.0,0,0,13.8625,Second,man,True,,Cherbourg,yes,True,True,False,False
0,3,33.0,1,1,20.525,Third,man,True,,Southampton,no,False,True,False,True
1,2,8.0,1,1,36.75,Second,child,False,,Southampton,yes,False,True,False,True
0,2,27.0,0,0,26.0,Second,man,True,,Southampton,no,True,True,False,True
0,3,28.0,0,0,7.8292,Third,man,True,,Queenstown,no,True,True,True,False
1,3,22.0,0,0,7.225,Third,man,True,,Cherbourg,yes,True,True,False,False
1,3,22.0,0,0,7.775,Third,woman,False,,Southampton,yes,True,False,False,True
0,1,62.0,0,0,26.55,First,man,True,,Southampton,no,True,True,False,True
1,1,48.0,1,0,39.6,First,woman,False,A,Cherbourg,yes,False,False,False,False
1,3,36.0,1,0,17.4,Third,woman,False,,Southampton,yes,False,False,False,True
0,3,28.0,0,0,7.75,Third,man,True,,Queenstown,no,True,True,True,False
0,3,40.0,0,0,7.8958,Third,man,True,,Southampton,no,True,True,False,True
0,2,28.0,0,0,13.5,Second,man,True,,Southampton,no,True,True,False,True
0,3,28.0,0,0,8.05,Third,man,True,,Southampton,no,True,True,False,True
0,3,28.0,0,0,8.05,Third,woman,False,,Southampton,no,True,False,False,True
0,3,24.0,2,0,24.15,Third,man,True,,Southampton,no,False,True,False,True
0,3,19.0,0,0,7.8958,Third,man,True,,Southampton,no,True,True,False,True
0,3,29.0,0,4,21.075,Third,woman,False,,Southampton,no,False,False,False,True
0,3,28.0,0,0,7.2292,Third,man,True,,Cherbourg,no,True,True,False,False
1,3,32.0,0,0,7.8542,Third,man,True,,Southampton,yes,True,True,False,True
1,2,62.0,0,0,10.5,Second,man,True,,Southampton,yes,True,True,False,True
1,1,53.0,2,0,51.4792,First,woman,False,C,Southampton,yes,False,False,False,True
1,1,36.0,0,0,26.3875,First,man,True,E,Southampton,yes,True,True,False,True
1,3,28.0,0,0,7.75,Third,woman,False,,Queenstown,yes,True,False,True,False
0,3,16.0,0,0,8.05,Third,man,True,,Southampton,no,True,True,False,True
0,3,19.0,0,0,14.5,Third,man,True,,Southampton,no,True,True,False,True
1,2,34.0,0,0,13.0,Second,woman,False,,Southampton,yes,True,False,False,True
1,1,39.0,1,0,55.9,First,woman,False,E,Southampton,yes,False,False,False,True
0,3,28.0,1,0,14.4583,Third,woman,False,,Cherbourg,no,False,False,False,False
1,3,32.0,0,0,7.925,Third,man,True,,Southampton,yes,True,True,False,True
1,2,25.0,1,1,30.0,Second,woman,False,,Southampton,yes,False,False,False,True
0,2,54.0,0,0,26.0,Second,man,True,,Southampton,no,True,True,False,True
0,1,36.0,0,0,40.125,First,man,True,A,Cherbourg,no,True,True,False,False
0,3,28.0,0,0,8.7125,Third,man,True,,Cherbourg,no,True,True,False,False
0,2,47.0,0,0,15.0,Second,man,True,,Southampton,no,True,True,False,True
0,3,22.0,0,0,8.05,Third,man,True,,Southampton,no,True,True,False,True
0,3,28.0,0,0,8.05,Third,man,True,,Southampton,no,True,True,False,True
0,3,35.0,0,0,7.125,Third,man,True,,Southampton,no,True,True,False,True
0,3,47.0,0,0,7.25,Third,man,True,,Southampton,no,True,True,False,True
0,3,28.0,0,2,7.75,Third,woman,False,,Queenstown,no,False,False,True,False
0,2,37.0,1,0,26.0,Second,man,True,,Southampton,no,False,True,False,True
0,3,36.0,1,1,24.15,Third,man,True,,Southampton,no,False,True,False,True
1,2,28.0,0,0,33.0,Second,woman,False,,Southampton,yes,True,False,False,True
0,3,49.0,0,0,0.0,Third,man,True,,Southampton,no,True,True,False,True
0,3,28.0,0,0,7.225,Third,man,True,,Cherbourg,no,True,True,False,False
1,1,49.0,1,0,56.9292,First,man,True,A,Cherbourg,yes,False,True,False,False
1,2,24.0,2,1,27.0,Second,woman,False,,Southampton,yes,False,False,False,True
0,3,28.0,0,0,7.8958,Third,man,True,,Southampton,no,True,True,False,True
0,1,28.0,0,0,42.4,First,man,True,,Southampton,no,True,True,False,True
0,3,44.0,0,0,8.05,Third,man,True,,Southampton,no,True,True,False,True
1,1,35.0,0,0,26.55,First,man,True,,Cherbourg,yes,True,True,False,False
0,3,36.0,1,0,15.55,Third,man,True,,Southampton,no,False,True,False,True
0,3,30.0,0,0,7.8958,Third,man,True,,Southampton,no,True,True,False,True
1,1,27.0,0,0,30.5,First,man,True,,Southampton,yes,True,True,False,True
1,2,22.0,1,2,41.5792,Second,woman,False,,Cherbourg,yes,False,False,False,False
0,3,39.0,1,5,31.275,Third,woman,False,,Southampton,no,False,False,False,True
0,3,28.0,0,0,7.05,Third,man,True,,Southampton,no,True,True,False,True
1,3,28.0,1,0,15.5,Third,woman,False,,Queenstown,yes,False,False,True,False
0,3,28.0,0,0,7.75,Third,man,True,,Queenstown,no,True,True,True,False
0,3,35.0,0,0,8.05,Third,man,True,,Southampton,no,True,True,False,True
1,2,24.0,1,2,65.0,Second,woman,False,,Southampton,yes,False,False,False,True
0,3,34.0,1,1,14.4,Third,man,True,,Southampton,no,False,True,False,True
0,3,26.0,1,0,16.1,Third,woman,False,,Southampton,no,False,False,False,True
1,2,4.0,2,1,39.0,Second,child,False,F,Southampton,yes,False,False,False,True
0,2,26.0,0,0,10.5,Second,man,True,,Southampton,no,True,True,False,True
0,3,27.0,1,0,14.4542,Third,man,True,,Cherbourg,no,False,True,False,False
1,1,42.0,1,0,52.5542,First,man,True,D,Southampton,yes,False,True,False,True
1,3,20.0,1,1,15.7417,Third,man,True,,Cherbourg,yes,False,True,False,False
0,3,21.0,0,0,7.8542,Third,man,True,,Southampton,no,True,True,False,True
0,3,21.0,0,0,16.1,Third,man,True,,Southampton,no,True,True,False,True
0,1,61.0,0,0,32.3208,First,man,True,D,Southampton,no,True,True,False,True
0,2,57.0,0,0,12.35,Second,man,True,,Queenstown,no,True,True,True,False
0,3,26.0,0,0,7.8958,Third,man,True,,Southampton,no,True,True,False,True
0,3,28.0,0,0,7.7333,Third,man,True,,Queenstown,no,True,True,True,False
1,1,80.0,0,0,30.0,First,man,True,A,Southampton,yes,True,True,False,True
0,3,51.0,0,0,7.0542,Third,man,True,,Southampton,no,True,True,False,True
1,1,32.0,0,0,30.5,First,man,True,B,Cherbourg,yes,True,True,False,False
0,1,28.0,0,0,0.0,First,man,True,,Southampton,no,True,True,False,True
0,3,9.0,3,2,27.9,Third,child,False,,Southampton,no,False,False,False,True
1,2,28.0,0,0,13.0,Second,woman,False,,Southampton,yes,True,False,False,True
0,3,32.0,0,0,7.925,Third,man,True,,Southampton,no,True,True,False,True
0,2,31.0,1,1,26.25,Second,man,True,,Southampton,no,False,True,False,True
0,3,41.0,0,5,39.6875,Third,woman,False,,Southampton,no,False,False,False,True
0,3,28.0,1,0,16.1,Third,man,True,,Southampton,no,False,True,False,True
0,3,20.0,0,0,7.8542,Third,man,True,,Southampton,no,True,True,False,True
0,3,2.0,3,2,27.9,Third,child,False,,Southampton,no,False,False,False,True
1,3,28.0,0,0,56.4958,Third,man,True,,Southampton,yes,True,True,False,True
1,3,0.75,2,1,19.2583,Third,child,False,,Cherbourg,yes,False,False,False,False
0,3,19.0,0,0,7.8958,Third,man,True,,Southampton,no,True,True,False,True
1,1,56.0,0,0,35.5,First,man,True,A,Cherbourg,yes,True,True,False,False
0,3,28.0,0,0,7.55,Third,man,True,,Southampton,no,True,True,False,True
1,3,23.0,0,0,7.55,Third,woman,False,,Southampton,yes,True,False,False,True
0,3,28.0,0,0,7.8958,Third,man,True,,Southampton,no,True,True,False,True
1,2,18.0,0,1,23.0,Second,woman,False,,Southampton,yes,False,False,False,True
0,3,21.0,0,0,8.4333,Third,man,True,,Southampton,no,True,True,False,True
1,3,28.0,0,0,7.8292,Third,woman,False,,Queenstown,yes,True,False,True,False
0,3,18.0,0,0,6.75,Third,woman,False,,Queenstown,no,True,False,True,False
0,3,28.0,0,0,7.8958,Third,man,True,,Southampton,no,True,True,False,True
0,3,32.0,1,1,15.5,Third,woman,False,,Queenstown,no,False,False,True,False
0,2,23.0,0,0,13.0,Second,man,True,,Southampton,no,True,True,False,True
0,3,40.0,0,0,7.225,Third,man,True,,Cherbourg,no,True,True,False,False
0,1,47.0,0,0,25.5875,First,man,True,E,Southampton,no,True,True,False,True
0,3,36.0,0,0,7.4958,Third,man,True,,Southampton,no,True,True,False,True
1,3,20.0,1,0,7.925,Third,man,True,,Southampton,yes,False,True,False,True
0,2,25.0,0,0,13.0,Second,man,True,,Southampton,no,True,True,False,True
0,3,28.0,0,0,7.775,Third,man,True,,Southampton,no,True,True,False,True
0,3,43.0,0,0,8.05,Third,man,True,,Southampton,no,True,True,False,True
1,1,28.0,1,0,52.0,First,woman,False,C,Southampton,yes,False,False,False,True
1,2,40.0,1,1,39.0,Second,woman,False,,Southampton,yes,False,False,False,True
0,1,31.0,1,0,52.0,First,man,True,B,Southampton,no,False,True,False,True
0,2,70.0,0,0,10.5,Second,man,True,,Southampton,no,True,True,False,True
1,2,31.0,0,0,13.0,Second,man,True,,Southampton,yes,True,True,False,True
0,2,28.0,0,0,0.0,Second,man,True,,Southampton,no,True,True,False,True
0,3,18.0,0,0,7.775,Third,man,True,,Southampton,no,True,True,False,True
0,3,24.5,0,0,8.05,Third,man,True,,Southampton,no,True,True,False,True
1,3,18.0,0,0,9.8417,Third,woman,False,,Southampton,yes,True,False,False,True
0,3,43.0,1,6,46.9,Third,woman,False,,Southampton,no,False,False,False,True
0,3,28.0,0,0,8.1375,Third,woman,False,,Queenstown,no,True,False,True,False
0,3,20.0,0,0,9.225,Third,man,True,,Southampton,no,True,True,False,True
0,3,14.0,5,2,46.9,Third,child,False,,Southampton,no,False,True,False,True
0,2,60.0,1,1,39.0,Second,man,True,,Southampton,no,False,True,False,True
0,2,25.0,1,2,41.5792,Second,man,True,,Cherbourg,no,False,True,False,False
0,3,14.0,4,1,39.6875,Third,child,False,,Southampton,no,False,True,False,True
0,3,19.0,0,0,10.1708,Third,man,True,,Southampton,no,True,True,False,True
0,3,18.0,0,0,7.7958,Third,man,True,,Southampton,no,True,True,False,True
1,1,31.0,1,0,57.0,First,man,True,B,Southampton,yes,False,True,False,True
1,3,4.0,0,1,13.4167,Third,child,False,,Cherbourg,yes,False,False,False,False
1,3,28.0,0,0,56.4958,Third,man,True,,Southampton,yes,True,True,False,True
0,3,25.0,0,0,7.225,Third,man,True,,Cherbourg,no,True,True,False,False
0,1,60.0,0,0,26.55,First,man,True,,Southampton,no,True,True,False,True
0,2,52.0,0,0,13.5,Second,man,True,,Southampton,no,True,True,False,True
0,3,44.0,0,0,8.05,Third,man,True,,Southampton,no,True,True,False,True
1,3,28.0,0,0,7.7333,Third,woman,False,,Queenstown,yes,True,False,True,False
0,3,42.0,0,0,7.65,Third,man,True,F,Southampton,no,True,True,False,True
1,1,35.0,0,0,26.2875,First,man,True,E,Southampton,yes,True,True,False,True
0,3,18.0,0,1,14.4542,Third,woman,False,,Cherbourg,no,False,False,False,False
0,3,25.0,0,0,7.7417,Third,man,True,,Queenstown,no,True,True,True,False
0,3,26.0,1,0,7.8542,Third,man,True,,Southampton,no,False,True,False,True
0,2,39.0,0,0,26.0,Second,man,True,,Southampton,no,True,True,False,True
1,2,45.0,0,0,13.5,Second,woman,False,,Southampton,yes,True,False,False,True
1,1,42.0,0,0,26.2875,First,man,True,E,Southampton,yes,True,True,False,True
1,3,28.0,1,1,15.2458,Third,man,True,,Cherbourg,yes,False,True,False,False
1,1,24.0,0,0,49.5042,First,woman,False,C,Cherbourg,yes,True,False,False,False
0,1,28.0,0,0,26.55,First,man,True,C,Southampton,no,True,True,False,True
1,1,48.0,1,0,52.0,First,man,True,C,Southampton,yes,False,True,False,True
0,3,29.0,0,0,9.4833,Third,man,True,,Southampton,no,True,True,False,True
0,2,52.0,0,0,13.0,Second,man,True,,Southampton,no,True,True,False,True
0,3,19.0,0,0,7.65,Third,man,True,F,Southampton,no,True,True,False,True
1,2,27.0,0,0,10.5,Second,woman,False,E,Southampton,yes,True,False,False,True
0,3,28.0,0,0,15.5,Third,man,True,,Queenstown,no,True,True,True,False
0,3,33.0,0,0,7.775,Third,man,True,,Southampton,no,True,True,False,True
1,2,6.0,0,1,33.0,Second,child,False,,Southampton,yes,False,False,False,True
0,3,17.0,1,0,7.0542,Third,man,True,,Southampton,no,False,True,False,True
0,2,34.0,0,0,13.0,Second,man,True,,Southampton,no,True,True,False,True
0,2,50.0,0,0,13.0,Second,man,True,,Southampton,no,True,True,False,True
1,1,27.0,1,0,53.1,First,man,True,E,Southampton,yes,False,True,False,True
0,3,20.0,0,0,8.6625,Third,man,True,,Southampton,no,True,True,False,True
1,2,30.0,3,0,21.0,Second,woman,False,,Southampton,yes,False,False,False,True
1,3,28.0,0,0,7.7375,Third,woman,False,,Queenstown,yes,True,False,True,False
0,2,25.0,1,0,26.0,Second,man,True,,Southampton,no,False,True,False,True
0,3,25.0,1,0,7.925,Third,woman,False,,Southampton,no,False,False,False,True
0,3,11.0,0,0,18.7875,Third,child,False,,Cherbourg,no,True,True,False,False
0,2,28.0,0,0,0.0,Second,man,True,,Southampton,no,True,True,False,True
0,2,23.0,0,0,13.0,Second,man,True,,Southampton,no,True,True,False,True
0,2,23.0,0,0,13.0,Second,man,True,,Southampton,no,True,True,False,True
0,3,28.5,0,0,16.1,Third,man,True,,Southampton,no,True,True,False,True
0,3,48.0,1,3,34.375,Third,woman,False,,Southampton,no,False,False,False,True
0,3,28.0,0,0,7.8958,Third,man,True,,Southampton,no,True,True,False,True
0,3,28.0,0,0,7.8958,Third,man,True,,Southampton,no,True,True,False,True
1,1,28.0,0,0,30.0,First,man,True,D,Southampton,yes,True,True,False,True
0,3,24.0,1,0,16.1,Third,man,True,,Southampton,no,False,True,False,True
1,3,31.0,0,0,7.925,Third,man,True,,Southampton,yes,True,True,False,True
0,3,16.0,1,1,20.25,Third,man,True,,Southampton,no,False,True,False,True
1,2,30.0,0,0,13.0,Second,woman,False,,Southampton,yes,True,False,False,True
0,1,19.0,1,0,53.1,First,man,True,D,Southampton,no,False,True,False,True
0,3,31.0,0,0,7.75,Third,man,True,,Queenstown,no,True,True,True,False
1,2,4.0,1,1,23.0,Second,child,False,,Southampton,yes,False,False,False,True
1,3,6.0,0,1,12.475,Third,child,False,E,Southampton,yes,False,True,False,True
0,3,33.0,0,0,9.5,Third,man,True,,Southampton,no,True,True,False,True
0,3,23.0,0,0,7.8958,Third,man,True,,Southampton,no,True,True,False,True
1,2,48.0,1,2,65.0,Second,woman,False,,Southampton,yes,False,False,False,True
1,2,0.67,1,1,14.5,Second,child,False,,Southampton,yes,False,True,False,True
0,3,28.0,0,0,7.7958,Third,man,True,,Southampton,no,True,True,False,True
0,2,18.0,0,0,11.5,Second,man,True,,Southampton,no,True,True,False,True
0,3,34.0,0,0,8.05,Third,man,True,,Southampton,no,True,True,False,True
0,3,28.0,0,0,14.5,Third,man,True,,Southampton,no,True,True,False,True
0,3,41.0,0,0,7.125,Third,man,True,,Southampton,no,True,True,False,True
1,3,20.0,0,0,7.2292,Third,man,True,,Cherbourg,yes,True,True,False,False
0,3,16.0,0,0,7.775,Third,man,True,,Southampton,no,True,True,False,True
0,1,28.0,0,0,39.6,First,man,True,,Cherbourg,no,True,True,False,False
0,3,30.5,0,0,7.75,Third,woman,False,,Queenstown,no,True,False,True,False
0,3,28.0,1,0,24.15,Third,man,True,,Queenstown,no,False,True,True,False
0,3,32.0,0,0,8.3625,Third,man,True,,Southampton,no,True,True,False,True
0,3,24.0,0,0,9.5,Third,man,True,,Southampton,no,True,True,False,True
0,3,48.0,0,0,7.8542,Third,man,True,,Southampton,no,True,True,False,True
0,2,57.0,0,0,10.5,Second,woman,False,E,Southampton,no,True,False,False,True
0,3,28.0,0,0,7.225,Third,man,True,,Cherbourg,no,True,True,False,False
1,2,54.0,1,3,23.0,Second,woman,False,,Southampton,yes,False,False,False,True
0,3,18.0,0,0,7.75,Third,man,True,,Southampton,no,True,True,False,True
0,3,28.0,0,0,7.75,Third,man,True,F,Queenstown,no,True,True,True,False
1,3,5.0,0,0,12.475,Third,child,False,,Southampton,yes,True,False,False,True
0,3,28.0,0,0,7.7375,Third,man,True,,Queenstown,no,True,True,True,False
1,3,13.0,0,0,7.2292,Third,child,False,,Cherbourg,yes,True,False,False,False
1,1,17.0,1,0,57.0,First,woman,False,B,Southampton,yes,False,False,False,True
0,1,29.0,0,0,30.0,First,man,True,D,Southampton,no,True,True,False,True
0,3,28.0,1,2,23.45,Third,man,True,,Southampton,no,False,True,False,True
0,3,25.0,0,0,7.05,Third,man,True,,Southampton,no,True,True,False,True
0,3,25.0,0,0,7.25,Third,man,True,,Southampton,no,True,True,False,True
1,3,18.0,0,0,7.4958,Third,woman,False,,Southampton,yes,True,False,False,True
0,3,8.0,4,1,29.125,Third,child,False,,Queenstown,no,False,True,True,False
1,3,1.0,1,2,20.575,Third,child,False,,Southampton,yes,False,True,False,True
0,3,28.0,0,0,7.75,Third,man,True,,Queenstown,no,True,True,True,False
0,2,16.0,0,0,26.0,Second,man,True,,Southampton,no,True,True,False,True
0,1,28.0,0,0,30.6958,First,man,True,,Cherbourg,no,True,True,False,False
0,3,25.0,0,0,7.8958,Third,man,True,,Southampton,no,True,True,False,True
0,2,39.0,0,0,13.0,Second,man,True,,Southampton,no,True,True,False,True
1,1,49.0,0,0,25.9292,First,woman,False,D,Southampton,yes,True,False,False,True
1,3,31.0,0,0,8.6833,Third,woman,False,,Southampton,yes,True,False,False,True
0,3,30.0,0,0,7.2292,Third,man,True,,Cherbourg,no,True,True,False,False
0,3,30.0,1,1,24.15,Third,woman,False,,Southampton,no,False,False,False,True
0,2,34.0,0,0,13.0,Second,man,True,,Southampton,no,True,True,False,True
1,2,31.0,1,1,26.25,Second,woman,False,,Southampton,yes,False,False,False,True
1,3,0.42,0,1,8.5167,Third,child,False,,Cherbourg,yes,False,True,False,False
1,3,27.0,0,0,6.975,Third,man,True,,Southampton,yes,True,True,False,True
0,3,31.0,0,0,7.775,Third,man,True,,Southampton,no,True,True,False,True
0,1,39.0,0,0,0.0,First,man,True,A,Southampton,no,True,True,False,True
0,3,18.0,0,0,7.775,Third,woman,False,,Southampton,no,True,False,False,True
0,2,39.0,0,0,13.0,Second,man,True,,Southampton,no,True,True,False,True
1,1,33.0,1,0,53.1,First,woman,False,E,Southampton,yes,False,False,False,True
0,3,26.0,0,0,7.8875,Third,man,True,,Southampton,no,True,True,False,True
0,3,39.0,0,0,24.15,Third,man,True,,Southampton,no,True,True,False,True
0,2,35.0,0,0,10.5,Second,man,True,,Southampton,no,True,True,False,True
0,3,6.0,4,2,31.275,Third,child,False,,Southampton,no,False,False,False,True
0,3,30.5,0,0,8.05,Third,man,True,,Southampton,no,True,True,False,True
0,1,28.0,0,0,0.0,First,man,True,B,Southampton,no,True,True,False,True
0,3,23.0,0,0,7.925,Third,woman,False,,Southampton,no,True,False,False,True
0,2,31.0,1,1,37.0042,Second,man,True,,Cherbourg,no,False,True,False,False
0,3,43.0,0,0,6.45,Third,man,True,,Southampton,no,True,True,False,True
0,3,10.0,3,2,27.9,Third,child,False,,Southampton,no,False,True,False,True
1,3,27.0,0,0,8.6625,Third,man,True,,Southampton,yes,True,True,False,True
0,1,38.0,0,0,0.0,First,man,True,,Southampton,no,True,True,False,True
1,3,27.0,0,1,12.475,Third,woman,False,E,Southampton,yes,False,False,False,True
0,3,2.0,4,1,39.6875,Third,child,False,,Southampton,no,False,True,False,True
0,3,28.0,0,0,6.95,Third,man,True,,Queenstown,no,True,True,True,False
0,3,28.0,0,0,56.4958,Third,man,True,,Southampton,no,True,True,False,True
1,2,1.0,0,2,37.0042,Second,child,False,,Cherbourg,yes,False,True,False,False
1,3,28.0,0,0,7.75,Third,man,True,,Queenstown,yes,True,True,True,False
1,3,15.0,1,0,14.4542,Third,child,False,,Cherbourg,yes,False,False,False,False
1,2,0.83,1,1,18.75,Second,child,False,,Southampton,yes,False,True,False,True
0,3,28.0,0,0,7.2292,Third,man,True,,Cherbourg,no,True,True,False,False
0,3,23.0,0,0,7.8542,Third,man,True,,Southampton,no,True,True,False,True
0,3,18.0,0,0,8.3,Third,man,True,,Southampton,no,True,True,False,True
0,3,21.0,0,0,8.6625,Third,man,True,,Southampton,no,True,True,False,True
0,3,28.0,0,0,8.05,Third,man,True,,Southampton,no,True,True,False,True
1,3,32.0,0,0,56.4958,Third,man,True,,Southampton,yes,True,True,False,True
1,1,28.0,0,0,29.7,First,man,True,C,Cherbourg,yes,True,True,False,False
0,3,20.0,0,0,7.925,Third,man,True,,Southampton,no,True,True,False,True
0,2,16.0,0,0,10.5,Second,man,True,,Southampton,no,True,True,False,True
1,1,30.0,0,0,31.0,First,woman,False,,Cherbourg,yes,True,False,False,False
0,3,34.5,0,0,6.4375,Third,man,True,,Cherbourg,no,True,True,False,False
0,3,17.0,0,0,8.6625,Third,man,True,,Southampton,no,True,True,False,True
0,3,42.0,0,0,7.55,Third,man,True,,Southampton,no,True,True,False,True
0,3,35.0,0,0,7.8958,Third,man,True,,Cherbourg,no,True,True,False,False
0,2,28.0,0,1,33.0,Second,man,True,,Southampton,no,False,True,False,True
0,3,4.0,4,2,31.275,Third,child,False,,Southampton,no,False,True,False,True
0,3,74.0,0,0,7.775,Third,man,True,,Southampton,no,True,True,False,True
0,3,9.0,1,1,15.2458,Third,child,False,,Cherbourg,no,False,False,False,False
1,1,16.0,0,1,39.4,First,woman,False,D,Southampton,yes,False,False,False,True
0,2,44.0,1,0,26.0,Second,woman,False,,Southampton,no,False,False,False,True
1,3,18.0,0,1,9.35,Third,woman,False,,Southampton,yes,False,False,False,True
1,1,51.0,0,0,26.55,First,man,True,E,Southampton,yes,True,True,False,True
1,3,24.0,0,3,19.2583,Third,woman,False,,Cherbourg,yes,False,False,False,False
0,3,28.0,0,0,7.2292,Third,man,True,,Cherbourg,no,True,True,False,False
0,3,41.0,2,0,14.1083,Third,man,True,,Southampton,no,False,True,False,True
0,2,21.0,1,0,11.5,Second,man,True,,Southampton,no,False,True,False,True
1,1,48.0,0,0,25.9292,First,woman,False,D,Southampton,yes,True,False,False,True
0,2,24.0,0,0,13.0,Second,man,True,,Southampton,no,True,True,False,True
1,2,42.0,0,0,13.0,Second,woman,False,,Southampton,yes,True,False,False,True
1,2,27.0,1,0,13.8583,Second,woman,False,,Cherbourg,yes,False,False,False,False
0,1,31.0,0,0,50.4958,First,man,True,A,Southampton,no,True,True,False,True
0,3,28.0,0,0,9.5,Third,man,True,,Southampton,no,True,True,False,True
1,3,4.0,1,1,11.1333,Third,child,False,,Southampton,yes,False,True,False,True
0,3,26.0,0,0,7.8958,Third,man,True,,Southampton,no,True,True,False,True
1,1,47.0,1,1,52.5542,First,woman,False,D,Southampton,yes,False,False,False,True
0,1,33.0,0,0,5.0,First,man,True,B,Southampton,no,True,True,False,True
0,3,47.0,0,0,9.0,Third,man,True,,Southampton,no,True,True,False,True
1,2,28.0,1,0,24.0,Second,woman,False,,Cherbourg,yes,False,False,False,False
1,3,15.0,0,0,7.225,Third,child,False,,Cherbourg,yes,True,False,False,False
0,3,20.0,0,0,9.8458,Third,man,True,,Southampton,no,True,True,False,True
0,3,19.0,0,0,7.8958,Third,man,True,,Southampton,no,True,True,False,True
0,3,28.0,0,0,7.8958,Third,man,True,,Southampton,no,True,True,False,True
1,2,25.0,0,1,26.0,Second,woman,False,,Southampton,yes,False,False,False,True
0,3,33.0,0,0,7.8958,Third,man,True,,Southampton,no,True,True,False,True
0,3,22.0,0,0,10.5167,Third,woman,False,,Southampton,no,True,False,False,True
0,2,28.0,0,0,10.5,Second,man,True,,Southampton,no,True,True,False,True
0,3,25.0,0,0,7.05,Third,man,True,,Southampton,no,True,True,False,True
0,3,39.0,0,5,29.125,Third,woman,False,,Queenstown,no,False,False,True,False
0,2,27.0,0,0,13.0,Second,man,True,,Southampton,no,True,True,False,True
1,1,19.0,0,0,30.0,First,woman,False,B,Southampton,yes,True,False,False,True
0,3,28.0,1,2,23.45,Third,woman,False,,Southampton,no,False,False,False,True
1,1,26.0,0,0,30.0,First,man,True,C,Cherbourg,yes,True,True,False,False
0,3,32.0,0,0,7.75,Third,man,True,,Queenstown,no,True,True,True,False
